state_code,rank,scientific_name,candidate_status,direct_support_chemical_count,mean_tail_probability,mean_reliability,species_relevance_weight
AL,1,Gastrophryne carolinensis,state_occurrence,0,0.09411287307739258,0.668943425019582,0.4795155838341114
AL,2,Lepomis macrochirus,state_occurrence,2,0.053970759113629654,0.5260577003161112,0.6403881968377824
AL,3,Salmo trutta,state_occurrence,1,0.06213851024707158,0.4333666960398356,0.5248804826394601
AL,4,Daphnia magna,neighbor_occurrence,2,0.1145576611161232,0.558639923731486,0.2756445346547257
AL,5,Ictalurus punctatus,state_occurrence,2,0.05346366887291272,0.3477395176887512,0.554225282407428
AZ,1,Hyalella azteca,state_occurrence,11,0.08454710314786526,0.7176016193412259,0.602180497184737
AZ,2,Gammarus lacustris,state_occurrence,5,0.0716126685452871,0.6935949205445509,0.5126028838285978
AZ,3,Lithobates pipiens,state_occurrence,4,0.05129663916145903,0.7544879233961785,0.5219185837261979
AZ,4,Daphnia magna,neighbor_occurrence,23,0.08255935804084755,0.7149687778535299,0.2756445346547257
AZ,5,Aedes aegypti,state_occurrence,9,0.042624489948094806,0.6838330958970917,0.5270711480685213
CA,1,Daphnia magna,state_occurrence,21,0.08126775081512903,0.7268489938417908,0.6398890983056131
CA,2,Hyalella azteca,state_occurrence,10,0.08369475257033104,0.7332525120334609,0.602180497184737
CA,3,Gammarus lacustris,state_occurrence,6,0.07196874388142714,0.6839991798655919,0.5126028838285978
CA,4,Chironomus dilutus,state_occurrence,4,0.06344659179144409,0.7334786740555088,0.553878767374785
CA,5,Pteronarcys californica,state_occurrence,6,0.055235016026387376,0.6633526066004355,0.5088384485421562
CO,1,Hyalella azteca,state_occurrence,9,0.08323376709024322,0.7466095092212737,0.602180497184737
CO,2,Gammarus lacustris,state_occurrence,4,0.07141123344117625,0.7094574319328987,0.5126028838285978
CO,3,Pteronarcys californica,state_occurrence,3,0.05416844853922952,0.692719474535768,0.5088384485421562
CO,4,Lithobates pipiens,state_occurrence,5,0.05094102179744128,0.7611262745235818,0.5219185837261979
CO,5,Thamnocephalus platyurus,state_occurrence,0,0.05206516173194298,0.6336789782710319,0.4675493311286796
CT,1,Gammarus fasciatus,state_occurrence,3,0.07239470692406685,0.6811248655861176,0.5207603814555113
CT,2,Lithobates sylvaticus,state_occurrence,0,0.04681330327080703,0.7444905167082224,0.7662145470600399
CT,3,Cloeon dipterum,state_occurrence,3,0.056791370631580296,0.6810845517893263,0.5029330801936077
CT,4,Lithobates pipiens,state_occurrence,0,0.04957979141774522,0.7671526116899392,0.5219185837261979
CT,5,Aedes vexans,state_occurrence,2,0.04810314508283929,0.6267808367088036,0.4664841048657485
FL,1,Gastrophryne carolinensis,state_occurrence,0,0.09445638802230003,0.670971501644789,0.4795155838341114
FL,2,Megalonaias nervosa,state_occurrence,0,0.06044228013794327,0.6670617418936499,0.4669262183617657
FL,3,Lepomis macrochirus,state_occurrence,30,0.04380424410759703,0.4950371563992688,0.6403881968377824
FL,4,Jordanella floridae,state_occurrence,1,0.055171182366409936,0.7152772877874539,0.4932243138558412
FL,5,Utterbackia imbecillis,state_occurrence,0,0.04910928722477398,0.7039581388372397,0.4838121063808795
GA,1,Daphnia magna,state_occurrence,12,0.08047442383893541,0.7400643320414009,0.6398890983056131
GA,2,Gastrophryne carolinensis,state_occurrence,0,0.09642965338110612,0.6852273762371375,0.4795155838341114
GA,3,Megalonaias nervosa,state_occurrence,0,0.0614174834247365,0.6791528381863516,0.4669262183617657
GA,4,Lepomis macrochirus,state_occurrence,14,0.0427604117371412,0.4877003046728108,0.6403881968377824
GA,5,Utterbackia imbecillis,state_occurrence,0,0.04978144008221261,0.7170358657885237,0.4838121063808795
ID,1,Gammarus lacustris,state_occurrence,4,0.0709274775568144,0.6981912879167295,0.5126028838285978
ID,2,Margaritifera falcata,state_occurrence,0,0.06115356337840715,0.6214534144008285,0.4556111125020763
ID,3,Pteronarcys californica,state_occurrence,3,0.05395345086295168,0.6817714598685708,0.5088384485421562
ID,4,Lithobates pipiens,state_occurrence,5,0.05139715644631882,0.7567072486066169,0.5219185837261979
ID,5,Lymnaea stagnalis,state_occurrence,2,0.0451357247212702,0.7208512382122809,0.5127354120331439
IL,1,Gastrophryne carolinensis,state_occurrence,3,0.10279339599489606,0.5805661507955983,0.4795155838341114
IL,2,Gammarus pseudolimnaeus,state_occurrence,0,0.06974088345152944,0.7362351338152022,0.5118492163030255
IL,3,Lymnaea stagnalis,state_occurrence,2,0.06816879048948986,0.6992479389823428,0.5127354120331439
IL,4,Lepomis macrochirus,state_occurrence,5,0.04642561544437957,0.486075824419225,0.6403881968377824
IL,5,Megalonaias nervosa,state_occurrence,0,0.06157132054600168,0.6790682835207951,0.4669262183617657
IN,1,Gammarus pseudolimnaeus,state_occurrence,1,0.06938425521837066,0.7183854915155419,0.5118492163030255
IN,2,Lampsilis siliquoidea,state_occurrence,3,0.05548598478177781,0.7110471927147309,0.5044393865336455
IN,3,Lepomis macrochirus,state_occurrence,16,0.04327631574136354,0.4949701035374409,0.6403881968377824
IN,4,Amblema plicata,state_occurrence,0,0.05890952964338522,0.6169090362107085,0.4560759714921422
IN,5,Pimephales promelas,state_occurrence,9,0.04130036862266903,0.5295665365763058,0.6430970626380468
IA,1,Gammarus pseudolimnaeus,state_occurrence,2,0.06804913103425125,0.7112074244159691,0.5118492163030255
IA,2,Megalonaias nervosa,state_occurrence,0,0.06061143475778529,0.6697236518702159,0.4669262183617657
IA,3,Lampsilis siliquoidea,state_occurrence,3,0.05527168057729154,0.71552535880866,0.5044393865336455
IA,4,Lithobates pipiens,state_occurrence,3,0.05183870403051312,0.7653486755081202,0.5219185837261979
IA,5,Lepomis macrochirus,state_occurrence,16,0.041458701372366104,0.4958817684264326,0.6403881968377824
KY,1,Gastrophryne carolinensis,state_occurrence,0,0.09484564690862518,0.6737821641056441,0.4795155838341114
KY,2,Lepomis macrochirus,state_occurrence,6,0.05062269394550706,0.5056355990492903,0.6403881968377824
KY,3,Megalonaias nervosa,state_occurrence,0,0.06065264843477413,0.6698078493229704,0.4669262183617657
KY,4,Lampsilis siliquoidea,state_occurrence,2,0.05506442110902841,0.7003412045401907,0.5044393865336455
KY,5,Gammarus minus,state_occurrence,1,0.05907059630693446,0.6080958831427489,0.4615961129720948
MD,1,Daphnia magna,state_occurrence,12,0.08297190785204961,0.7113926278296089,0.6398890983056131
MD,2,Gastrophryne carolinensis,state_occurrence,0,0.09317231312095128,0.661743023760154,0.4795155838341114
MD,3,Gammarus fasciatus,state_occurrence,3,0.07233548453938661,0.6778704177963972,0.5207603814555113
MD,4,Lithobates pipiens,state_occurrence,0,0.04956606856201026,0.7668794116990628,0.5219185837261979
MD,5,Utterbackia imbecillis,state_occurrence,0,0.048675010979917555,0.6959528020285333,0.4838121063808795
MN,1,Cloeon dipterum,state_occurrence,8,0.05790771063496575,0.6946642441822682,0.5029330801936077
MN,2,Bufo americanus,state_occurrence,0,0.03909210419190059,0.7080352785926411,0.7338842257223199
MN,3,Megalonaias nervosa,state_occurrence,0,0.060547946952972255,0.66860036154511,0.4669262183617657
MN,4,Lampsilis siliquoidea,state_occurrence,5,0.05507440659713837,0.7070703078274607,0.5044393865336455
MN,5,Lithobates pipiens,state_occurrence,7,0.05152645595089686,0.749841433661498,0.5219185837261979
MS,1,Gastrophryne carolinensis,state_occurrence,0,0.09308269902213755,0.6610808005111413,0.4795155838341114
MS,2,Lepomis macrochirus,state_occurrence,14,0.04520460821565332,0.4664769792111352,0.6403881968377824
MS,3,Amblema plicata,state_occurrence,0,0.057390247666774565,0.6004884338513972,0.4560759714921422
MS,4,Ictalurus punctatus,state_occurrence,10,0.044185380931611756,0.4560562569103224,0.554225282407428
MS,5,Utterbackia imbecillis,state_occurrence,0,0.04864508880619971,0.6954289862620309,0.4838121063808795
MO,1,Gastrophryne carolinensis,state_occurrence,0,0.09247526148863844,0.6565998440649917,0.4795155838341114
MO,2,Megalonaias nervosa,state_occurrence,0,0.0594048385840124,0.6538942579683354,0.4669262183617657
MO,3,Lampsilis siliquoidea,state_occurrence,0,0.0533871039366235,0.7104461599378518,0.5044393865336455
MO,4,Amblema plicata,state_occurrence,0,0.05704871541915573,0.5956437416852314,0.4560759714921422
MO,5,Bufo americanus,state_occurrence,0,0.03865167980519007,0.6962247243061893,0.6223935915875274
MT,1,Hyalella azteca,state_occurrence,0,0.08246463315956232,0.7625377037749089,0.602180497184737
MT,2,Gammarus lacustris,state_occurrence,0,0.07105528402061148,0.724550429177718,0.5126028838285978
MT,3,Margaritifera falcata,state_occurrence,0,0.06185950193297853,0.6298777817501252,0.4556111125020763
MT,4,Lampsilis siliquoidea,state_occurrence,0,0.05448226233519591,0.7243457831036921,0.5044393865336455
MT,5,Pteronarcys californica,state_occurrence,0,0.05369704030038049,0.7028125268184382,0.5088384485421562
NV,1,Hyalella azteca,state_occurrence,6,0.08316135584063272,0.7317399209165255,0.602180497184737
NV,2,Gammarus lacustris,state_occurrence,4,0.07080338341216064,0.682911870616303,0.5126028838285978
NV,3,Daphnia magna,neighbor_occurrence,14,0.08267414530644415,0.7345567968456715,0.2756445346547257
NV,4,Culex quinquefasciatus,state_occurrence,6,0.04263809681359232,0.6703174560763072,0.5127840672336008
NV,5,Aedes aegypti,state_occurrence,5,0.041217940204800116,0.6891721825920694,0.5270711480685213
NJ,1,Gammarus fasciatus,state_occurrence,3,0.07190502392537176,0.6918955786008008,0.5207603814555113
NJ,2,Daphnia galeata,state_occurrence,2,0.0566131781786172,0.6247951742773369,0.4713480995277639
NJ,3,Pimephales promelas,state_occurrence,16,0.03965377383492041,0.5311354940669148,0.6430970626380468
NJ,4,Utterbackia imbecillis,state_occurrence,0,0.0486281205751592,0.6949655324164219,0.4838121063808795
NJ,5,Lithobates sylvaticus,state_occurrence,2,0.04700062941278663,0.7363442835788686,0.4980394555890259
NM,1,Gammarus lacustris,state_occurrence,0,0.0689206042900891,0.7031154635256722,0.5126028838285978
NM,2,Lithobates pipiens,state_occurrence,2,0.055191441673418946,0.7506393150919225,0.5219185837261979
NM,3,Thamnocephalus platyurus,state_occurrence,0,0.05116537167005296,0.6168507415902311,0.4675493311286796
NM,4,Aedes vexans,state_occurrence,0,0.0459572959852181,0.6329760563432504,0.4664841048657485
NM,5,Hyalella azteca,neighbor_occurrence,1,0.0808079175826955,0.7393021523805723,0.2594008295565021
NC,1,Daphnia magna,state_occurrence,3,0.08686062863797703,0.6805321098966393,0.6398890983056131
NC,2,Ceriodaphnia dubia,state_occurrence,0,0.07929341759990119,0.7463603486994196,0.6039461946342564
NC,3,Gastrophryne carolinensis,state_occurrence,0,0.09514337499175886,0.6753998051929115,0.4795155838341114
NC,4,Gammarus fasciatus,state_occurrence,2,0.08096049194039616,0.675189117132638,0.5207603814555113
NC,5,Daphnia ambigua,state_occurrence,0,0.08456716666351359,0.7089871361432338,0.4647024300990733
ND,1,Gammarus lacustris,state_occurrence,4,0.07318428258841127,0.6722122297988888,0.5126028838285978
ND,2,Pimephales promelas,state_occurrence,10,0.043033145141444344,0.5281145073805215,0.6430970626380468
ND,3,Lampsilis siliquoidea,state_occurrence,2,0.05445546248626803,0.7032301928922944,0.5044393865336455
ND,4,Amblema plicata,state_occurrence,0,0.05776265313738945,0.6045042938434232,0.4560759714921422
ND,5,Lithobates pipiens,state_occurrence,1,0.050439764153591776,0.750508004364609,0.5219185837261979
OH,1,Lepomis macrochirus,state_occurrence,15,0.05169286438819861,0.4720619832284407,0.6403881968377824
OH,2,Cloeon dipterum,state_occurrence,4,0.05706391624218904,0.6795105816119661,0.5029330801936077
OH,3,Megalonaias nervosa,state_occurrence,0,0.06022413678687005,0.6647138523209795,0.4669262183617657
OH,4,Xenopus laevis,state_occurrence,8,0.05171557417497807,0.7104494977624097,0.5426028261062616
OH,5,Lampsilis siliquoidea,state_occurrence,2,0.054538783888454206,0.7027002684606451,0.5044393865336455
OK,1,Gastrophryne carolinensis,state_occurrence,0,0.09308652509737571,0.6610242935603989,0.4795155838341114
OK,2,Lampsilis siliquoidea,state_occurrence,2,0.054316931951128286,0.6901641279419523,0.5044393865336455
OK,3,Amblema plicata,state_occurrence,0,0.05738655134596009,0.600295047449915,0.4560759714921422
OK,4,Ictalurus punctatus,state_occurrence,10,0.04630787125675504,0.44160872230353665,0.554225282407428
OK,5,Palaemonetes kadiakensis,state_occurrence,0,0.050302640986504936,0.6820270386631987,0.4906043750262047
OR,1,Hyalella azteca,state_occurrence,9,0.08405600622456222,0.7348157697783516,0.602180497184737
OR,2,Gammarus lacustris,state_occurrence,7,0.07259836303542082,0.6810539528615337,0.5126028838285978
OR,3,Pteronarcys californica,state_occurrence,5,0.055561269129808945,0.6706575879506655,0.5088384485421562
OR,4,Margaritifera falcata,state_occurrence,0,0.061330965449952625,0.6235984091435013,0.4556111125020763
OR,5,Pseudacris regilla,state_occurrence,1,0.037603530190213084,0.7091813049305244,0.7384044903541198
SC,1,Gastrophryne carolinensis,state_occurrence,0,0.0936578641610005,0.6652441792939007,0.4795155838341114
SC,2,Lepomis macrochirus,state_occurrence,14,0.046026360396593045,0.46499971032233123,0.6403881968377824
SC,3,Utterbackia imbecillis,state_occurrence,0,0.04884026486273216,0.6990991362204885,0.4838121063808795
SC,4,Lithobates sylvaticus,state_occurrence,0,0.046869850107368896,0.7454172009311926,0.4980394555890259
SC,5,Daphnia magna,neighbor_occurrence,12,0.08258901006415831,0.7124720214879683,0.2756445346547257
TX,1,Hyalella azteca,state_occurrence,5,0.08514767949563992,0.7289327015533915,0.602180497184737
TX,2,Gastrophryne carolinensis,state_occurrence,0,0.09357636031005086,0.6645572392011722,0.4795155838341114
TX,3,Megalonaias nervosa,state_occurrence,0,0.05999976314555786,0.6618771418855679,0.4669262183617657
TX,4,Jordanella floridae,state_occurrence,0,0.05459486989689955,0.715631541497344,0.4932243138558412
TX,5,Amblema plicata,state_occurrence,0,0.05760790850808213,0.6027432748545444,0.4560759714921422
UT,1,Gammarus lacustris,state_occurrence,1,0.07414104560243956,0.6989927576861242,0.5126028838285978
UT,2,Oncorhynchus mykiss,regional_breadth,6,0.06904045328570321,0.460983334499211,0.537842190016103
UT,3,Lymnaea stagnalis,state_occurrence,1,0.06292268862020195,0.7049189527042494,0.5127354120331439
UT,4,Pteronarcys californica,state_occurrence,1,0.05563860337189671,0.6761928875302003,0.5088384485421562
UT,5,Aedes aegypti,state_occurrence,3,0.05234859280751332,0.6201126763220204,0.5270711480685213
VA,1,Gastrophryne carolinensis,state_occurrence,0,0.09317270945433226,0.6617850627763491,0.4795155838341114
VA,2,Gammarus fasciatus,state_occurrence,3,0.07219595446304838,0.6800431270402277,0.5207603814555113
VA,3,Gammarus minus,state_occurrence,0,0.056579633931174836,0.6184537177686971,0.4615961129720948
VA,4,Utterbackia imbecillis,state_occurrence,0,0.048674738426314076,0.6960056116201221,0.4838121063808795
VA,5,Lithobates sylvaticus,state_occurrence,0,0.04676606709826671,0.7439955306087137,0.4980394555890259
WA,1,Gammarus lacustris,state_occurrence,7,0.07350189988638423,0.6554666061924709,0.5126028838285978
WA,2,Pteronarcys californica,state_occurrence,5,0.056642934186361085,0.6517438730488336,0.5088384485421562
WA,3,Margaritifera falcata,state_occurrence,0,0.06083492561735639,0.6173262542233829,0.4556111125020763
WA,4,Pseudacris regilla,state_occurrence,1,0.03745154776694753,0.7043070129728219,0.7384044903541198
WA,5,Lithobates pipiens,state_occurrence,0,0.049504837126330095,0.7664968984406744,0.5219185837261979
WI,1,Daphnia magna,state_occurrence,14,0.07857776534664614,0.7449950194887314,0.6398890983056131
WI,2,Bufo americanus,state_occurrence,0,0.039026865451911294,0.7065983584301649,0.7338842257223199
WI,3,Megalonaias nervosa,state_occurrence,0,0.06039207967376089,0.666645152996265,0.4669262183617657
WI,4,Lampsilis siliquoidea,state_occurrence,5,0.05514875159838988,0.7002730762565043,0.5044393865336455
WI,5,Lithobates pipiens,state_occurrence,7,0.05229907795218439,0.7373750479720538,0.5219185837261979
WY,1,Gammarus lacustris,state_occurrence,2,0.0744558773532201,0.6883782686997395,0.5126028838285978
WY,2,Pteronarcys californica,state_occurrence,3,0.06022462179632302,0.6516757080426652,0.5088384485421562
WY,3,Margaritifera falcata,state_occurrence,0,0.06201700645454773,0.6321513768695791,0.4556111125020763
WY,4,Lithobates pipiens,state_occurrence,2,0.05133685551515203,0.7194534126857836,0.5219185837261979
WY,5,Lithobates sylvaticus,state_occurrence,2,0.04904576416731383,0.702324401657266,0.4980394555890259
