state_code,state_name,target,eligible_priority_chemical_count,national_top5,status,reason,localized_top5,display_top5,top5_basis,overlap_species,overlap_count,localized_expected_capture,national_expected_capture,absolute_gain_percentage_points,weighting_summary
AL,Alabama,lower-5%,3,"['Gastrophryne carolinensis', 'Neocloeon triangulifer', 'Hyalella azteca', 'Daphnia ambigua', 'Daphnia magna']",supported,,"['Gastrophryne carolinensis', 'Lepomis macrochirus', 'Salmo trutta', 'Daphnia magna', 'Ictalurus punctatus']","['Gastrophryne carolinensis', 'Lepomis macrochirus', 'Salmo trutta', 'Daphnia magna', 'Ictalurus punctatus']",Localized Top-5,"['Gastrophryne carolinensis', 'Daphnia magna']",2,0.1534058104955966,0.08906170470285,6.434410579274659,State-priority chemical weights multiplied by soft species relevance and method-support weights.
AK,Alaska,lower-5%,0,"['Gastrophryne carolinensis', 'Neocloeon triangulifer', 'Hyalella azteca', 'Daphnia ambigua', 'Daphnia magna']",insufficient_support,No eligible priority chemicals were available in the frozen state dataset; the fixed national Top-5 is shown as the default pending additional monitoring evidence.,[],"['Gastrophryne carolinensis', 'Neocloeon triangulifer', 'Hyalella azteca', 'Daphnia ambigua', 'Daphnia magna']",Fixed national Top-5 (state-specific panel unavailable),[],0,,,,
AZ,Arizona,lower-5%,94,"['Gastrophryne carolinensis', 'Neocloeon triangulifer', 'Hyalella azteca', 'Daphnia ambigua', 'Daphnia magna']",supported,,"['Hyalella azteca', 'Gammarus lacustris', 'Lithobates pipiens', 'Daphnia magna', 'Aedes aegypti']","['Hyalella azteca', 'Gammarus lacustris', 'Lithobates pipiens', 'Daphnia magna', 'Aedes aegypti']",Localized Top-5,"['Hyalella azteca', 'Daphnia magna']",2,0.1430629325798949,0.0878947919732584,5.516814060663649,State-priority chemical weights multiplied by soft species relevance and method-support weights.
AR,Arkansas,lower-5%,0,"['Gastrophryne carolinensis', 'Neocloeon triangulifer', 'Hyalella azteca', 'Daphnia ambigua', 'Daphnia magna']",insufficient_support,No eligible priority chemicals were available in the frozen state dataset; the fixed national Top-5 is shown as the default pending additional monitoring evidence.,[],"['Gastrophryne carolinensis', 'Neocloeon triangulifer', 'Hyalella azteca', 'Daphnia ambigua', 'Daphnia magna']",Fixed national Top-5 (state-specific panel unavailable),[],0,,,,
CA,California,lower-5%,99,"['Gastrophryne carolinensis', 'Neocloeon triangulifer', 'Hyalella azteca', 'Daphnia ambigua', 'Daphnia magna']",supported,,"['Daphnia magna', 'Hyalella azteca', 'Gammarus lacustris', 'Chironomus dilutus', 'Pteronarcys californica']","['Daphnia magna', 'Hyalella azteca', 'Gammarus lacustris', 'Chironomus dilutus', 'Pteronarcys californica']",Localized Top-5,"['Daphnia magna', 'Hyalella azteca']",2,0.1771094218022397,0.1133819225455528,6.372749925668687,State-priority chemical weights multiplied by soft species relevance and method-support weights.
CO,Colorado,lower-5%,136,"['Gastrophryne carolinensis', 'Neocloeon triangulifer', 'Hyalella azteca', 'Daphnia ambigua', 'Daphnia magna']",supported,,"['Hyalella azteca', 'Gammarus lacustris', 'Pteronarcys californica', 'Lithobates pipiens', 'Thamnocephalus platyurus']","['Hyalella azteca', 'Gammarus lacustris', 'Pteronarcys californica', 'Lithobates pipiens', 'Thamnocephalus platyurus']",Localized Top-5,['Hyalella azteca'],1,0.1474803752492473,0.0825151621348362,6.496521311441112,State-priority chemical weights multiplied by soft species relevance and method-support weights.
CT,Connecticut,lower-5%,42,"['Gastrophryne carolinensis', 'Neocloeon triangulifer', 'Hyalella azteca', 'Daphnia ambigua', 'Daphnia magna']",supported,,"['Gammarus fasciatus', 'Lithobates sylvaticus', 'Cloeon dipterum', 'Lithobates pipiens', 'Aedes vexans']","['Gammarus fasciatus', 'Lithobates sylvaticus', 'Cloeon dipterum', 'Lithobates pipiens', 'Aedes vexans']",Localized Top-5,[],0,0.1351805906658741,0.0335779591915594,10.16026314743147,State-priority chemical weights multiplied by soft species relevance and method-support weights.
DE,Delaware,lower-5%,0,"['Gastrophryne carolinensis', 'Neocloeon triangulifer', 'Hyalella azteca', 'Daphnia ambigua', 'Daphnia magna']",insufficient_support,No eligible priority chemicals were available in the frozen state dataset; the fixed national Top-5 is shown as the default pending additional monitoring evidence.,[],"['Gastrophryne carolinensis', 'Neocloeon triangulifer', 'Hyalella azteca', 'Daphnia ambigua', 'Daphnia magna']",Fixed national Top-5 (state-specific panel unavailable),[],0,,,,
DC,District of Columbia,lower-5%,0,"['Gastrophryne carolinensis', 'Neocloeon triangulifer', 'Hyalella azteca', 'Daphnia ambigua', 'Daphnia magna']",insufficient_support,No eligible priority chemicals were available in the frozen state dataset; the fixed national Top-5 is shown as the default pending additional monitoring evidence.,[],"['Gastrophryne carolinensis', 'Neocloeon triangulifer', 'Hyalella azteca', 'Daphnia ambigua', 'Daphnia magna']",Fixed national Top-5 (state-specific panel unavailable),[],0,,,,
FL,Florida,lower-5%,127,"['Gastrophryne carolinensis', 'Neocloeon triangulifer', 'Hyalella azteca', 'Daphnia ambigua', 'Daphnia magna']",supported,,"['Gastrophryne carolinensis', 'Megalonaias nervosa', 'Lepomis macrochirus', 'Jordanella floridae', 'Utterbackia imbecillis']","['Gastrophryne carolinensis', 'Megalonaias nervosa', 'Lepomis macrochirus', 'Jordanella floridae', 'Utterbackia imbecillis']",Localized Top-5,['Gastrophryne carolinensis'],1,0.1370328992493233,0.081494035942699,5.553886330662426,State-priority chemical weights multiplied by soft species relevance and method-support weights.
GA,Georgia,lower-5%,57,"['Gastrophryne carolinensis', 'Neocloeon triangulifer', 'Hyalella azteca', 'Daphnia ambigua', 'Daphnia magna']",supported,,"['Daphnia magna', 'Gastrophryne carolinensis', 'Megalonaias nervosa', 'Lepomis macrochirus', 'Utterbackia imbecillis']","['Daphnia magna', 'Gastrophryne carolinensis', 'Megalonaias nervosa', 'Lepomis macrochirus', 'Utterbackia imbecillis']",Localized Top-5,"['Daphnia magna', 'Gastrophryne carolinensis']",2,0.1578385219218235,0.1187076830678023,3.913083885402116,State-priority chemical weights multiplied by soft species relevance and method-support weights.
HI,Hawaii,lower-5%,0,"['Gastrophryne carolinensis', 'Neocloeon triangulifer', 'Hyalella azteca', 'Daphnia ambigua', 'Daphnia magna']",insufficient_support,No eligible priority chemicals were available in the frozen state dataset; the fixed national Top-5 is shown as the default pending additional monitoring evidence.,[],"['Gastrophryne carolinensis', 'Neocloeon triangulifer', 'Hyalella azteca', 'Daphnia ambigua', 'Daphnia magna']",Fixed national Top-5 (state-specific panel unavailable),[],0,,,,
ID,Idaho,lower-5%,93,"['Gastrophryne carolinensis', 'Neocloeon triangulifer', 'Hyalella azteca', 'Daphnia ambigua', 'Daphnia magna']",supported,,"['Gammarus lacustris', 'Margaritifera falcata', 'Pteronarcys californica', 'Lithobates pipiens', 'Lymnaea stagnalis']","['Gammarus lacustris', 'Margaritifera falcata', 'Pteronarcys californica', 'Lithobates pipiens', 'Lymnaea stagnalis']",Localized Top-5,[],0,0.1278609008853019,0.0459515779220815,8.190932296322034,State-priority chemical weights multiplied by soft species relevance and method-support weights.
IL,Illinois,lower-5%,13,"['Gastrophryne carolinensis', 'Neocloeon triangulifer', 'Hyalella azteca', 'Daphnia ambigua', 'Daphnia magna']",supported,,"['Gastrophryne carolinensis', 'Gammarus pseudolimnaeus', 'Lymnaea stagnalis', 'Lepomis macrochirus', 'Megalonaias nervosa']","['Gastrophryne carolinensis', 'Gammarus pseudolimnaeus', 'Lymnaea stagnalis', 'Lepomis macrochirus', 'Megalonaias nervosa']",Localized Top-5,['Gastrophryne carolinensis'],1,0.1584761259435315,0.0857132189690412,7.276290697449028,State-priority chemical weights multiplied by soft species relevance and method-support weights.
IN,Indiana,lower-5%,72,"['Gastrophryne carolinensis', 'Neocloeon triangulifer', 'Hyalella azteca', 'Daphnia ambigua', 'Daphnia magna']",supported,,"['Gammarus pseudolimnaeus', 'Lampsilis siliquoidea', 'Lepomis macrochirus', 'Amblema plicata', 'Pimephales promelas']","['Gammarus pseudolimnaeus', 'Lampsilis siliquoidea', 'Lepomis macrochirus', 'Amblema plicata', 'Pimephales promelas']",Localized Top-5,[],0,0.1302860711230708,0.0444768019925673,8.580926913050353,State-priority chemical weights multiplied by soft species relevance and method-support weights.
IA,Iowa,lower-5%,74,"['Gastrophryne carolinensis', 'Neocloeon triangulifer', 'Hyalella azteca', 'Daphnia ambigua', 'Daphnia magna']",supported,,"['Gammarus pseudolimnaeus', 'Megalonaias nervosa', 'Lampsilis siliquoidea', 'Lithobates pipiens', 'Lepomis macrochirus']","['Gammarus pseudolimnaeus', 'Megalonaias nervosa', 'Lampsilis siliquoidea', 'Lithobates pipiens', 'Lepomis macrochirus']",Localized Top-5,[],0,0.1303313434959,0.0577791088755565,7.255223462034345,State-priority chemical weights multiplied by soft species relevance and method-support weights.
KS,Kansas,lower-5%,0,"['Gastrophryne carolinensis', 'Neocloeon triangulifer', 'Hyalella azteca', 'Daphnia ambigua', 'Daphnia magna']",insufficient_support,No eligible priority chemicals were available in the frozen state dataset; the fixed national Top-5 is shown as the default pending additional monitoring evidence.,[],"['Gastrophryne carolinensis', 'Neocloeon triangulifer', 'Hyalella azteca', 'Daphnia ambigua', 'Daphnia magna']",Fixed national Top-5 (state-specific panel unavailable),[],0,,,,
KY,Kentucky,lower-5%,30,"['Gastrophryne carolinensis', 'Neocloeon triangulifer', 'Hyalella azteca', 'Daphnia ambigua', 'Daphnia magna']",supported,,"['Gastrophryne carolinensis', 'Lepomis macrochirus', 'Megalonaias nervosa', 'Lampsilis siliquoidea', 'Gammarus minus']","['Gastrophryne carolinensis', 'Lepomis macrochirus', 'Megalonaias nervosa', 'Lampsilis siliquoidea', 'Gammarus minus']",Localized Top-5,['Gastrophryne carolinensis'],1,0.1441373073932899,0.0677413548260807,7.639595256720917,State-priority chemical weights multiplied by soft species relevance and method-support weights.
LA,Louisiana,lower-5%,0,"['Gastrophryne carolinensis', 'Neocloeon triangulifer', 'Hyalella azteca', 'Daphnia ambigua', 'Daphnia magna']",insufficient_support,No eligible priority chemicals were available in the frozen state dataset; the fixed national Top-5 is shown as the default pending additional monitoring evidence.,[],"['Gastrophryne carolinensis', 'Neocloeon triangulifer', 'Hyalella azteca', 'Daphnia ambigua', 'Daphnia magna']",Fixed national Top-5 (state-specific panel unavailable),[],0,,,,
ME,Maine,lower-5%,0,"['Gastrophryne carolinensis', 'Neocloeon triangulifer', 'Hyalella azteca', 'Daphnia ambigua', 'Daphnia magna']",insufficient_support,No eligible priority chemicals were available in the frozen state dataset; the fixed national Top-5 is shown as the default pending additional monitoring evidence.,[],"['Gastrophryne carolinensis', 'Neocloeon triangulifer', 'Hyalella azteca', 'Daphnia ambigua', 'Daphnia magna']",Fixed national Top-5 (state-specific panel unavailable),[],0,,,,
MD,Maryland,lower-5%,42,"['Gastrophryne carolinensis', 'Neocloeon triangulifer', 'Hyalella azteca', 'Daphnia ambigua', 'Daphnia magna']",supported,,"['Daphnia magna', 'Gastrophryne carolinensis', 'Gammarus fasciatus', 'Lithobates pipiens', 'Utterbackia imbecillis']","['Daphnia magna', 'Gastrophryne carolinensis', 'Gammarus fasciatus', 'Lithobates pipiens', 'Utterbackia imbecillis']",Localized Top-5,"['Daphnia magna', 'Gastrophryne carolinensis']",2,0.1634052213853586,0.108448704065679,5.495651731967952,State-priority chemical weights multiplied by soft species relevance and method-support weights.
MA,Massachusetts,lower-5%,0,"['Gastrophryne carolinensis', 'Neocloeon triangulifer', 'Hyalella azteca', 'Daphnia ambigua', 'Daphnia magna']",insufficient_support,No eligible priority chemicals were available in the frozen state dataset; the fixed national Top-5 is shown as the default pending additional monitoring evidence.,[],"['Gastrophryne carolinensis', 'Neocloeon triangulifer', 'Hyalella azteca', 'Daphnia ambigua', 'Daphnia magna']",Fixed national Top-5 (state-specific panel unavailable),[],0,,,,
MI,Michigan,lower-5%,0,"['Gastrophryne carolinensis', 'Neocloeon triangulifer', 'Hyalella azteca', 'Daphnia ambigua', 'Daphnia magna']",insufficient_support,No eligible priority chemicals were available in the frozen state dataset; the fixed national Top-5 is shown as the default pending additional monitoring evidence.,[],"['Gastrophryne carolinensis', 'Neocloeon triangulifer', 'Hyalella azteca', 'Daphnia ambigua', 'Daphnia magna']",Fixed national Top-5 (state-specific panel unavailable),[],0,,,,
MN,Minnesota,lower-5%,130,"['Gastrophryne carolinensis', 'Neocloeon triangulifer', 'Hyalella azteca', 'Daphnia ambigua', 'Daphnia magna']",supported,,"['Cloeon dipterum', 'Bufo americanus', 'Megalonaias nervosa', 'Lampsilis siliquoidea', 'Lithobates pipiens']","['Cloeon dipterum', 'Bufo americanus', 'Megalonaias nervosa', 'Lampsilis siliquoidea', 'Lithobates pipiens']",Localized Top-5,[],0,0.1270354179880187,0.0478455942889153,7.91898236991034,State-priority chemical weights multiplied by soft species relevance and method-support weights.
MS,Mississippi,lower-5%,42,"['Gastrophryne carolinensis', 'Neocloeon triangulifer', 'Hyalella azteca', 'Daphnia ambigua', 'Daphnia magna']",supported,,"['Gastrophryne carolinensis', 'Lepomis macrochirus', 'Amblema plicata', 'Ictalurus punctatus', 'Utterbackia imbecillis']","['Gastrophryne carolinensis', 'Lepomis macrochirus', 'Amblema plicata', 'Ictalurus punctatus', 'Utterbackia imbecillis']",Localized Top-5,['Gastrophryne carolinensis'],1,0.1331097545065543,0.0671021828582828,6.600757164827152,State-priority chemical weights multiplied by soft species relevance and method-support weights.
MO,Missouri,lower-5%,21,"['Gastrophryne carolinensis', 'Neocloeon triangulifer', 'Hyalella azteca', 'Daphnia ambigua', 'Daphnia magna']",supported,,"['Gastrophryne carolinensis', 'Megalonaias nervosa', 'Lampsilis siliquoidea', 'Amblema plicata', 'Bufo americanus']","['Gastrophryne carolinensis', 'Megalonaias nervosa', 'Lampsilis siliquoidea', 'Amblema plicata', 'Bufo americanus']",Localized Top-5,['Gastrophryne carolinensis'],1,0.1340430887805329,0.0671328738069635,6.69102149735693,State-priority chemical weights multiplied by soft species relevance and method-support weights.
MT,Montana,lower-5%,4,"['Gastrophryne carolinensis', 'Neocloeon triangulifer', 'Hyalella azteca', 'Daphnia ambigua', 'Daphnia magna']",supported,,"['Hyalella azteca', 'Gammarus lacustris', 'Margaritifera falcata', 'Lampsilis siliquoidea', 'Pteronarcys californica']","['Hyalella azteca', 'Gammarus lacustris', 'Margaritifera falcata', 'Lampsilis siliquoidea', 'Pteronarcys californica']",Localized Top-5,['Hyalella azteca'],1,0.1505250522755937,0.0847028052092554,6.582224706633835,State-priority chemical weights multiplied by soft species relevance and method-support weights.
NE,Nebraska,lower-5%,0,"['Gastrophryne carolinensis', 'Neocloeon triangulifer', 'Hyalella azteca', 'Daphnia ambigua', 'Daphnia magna']",insufficient_support,No eligible priority chemicals were available in the frozen state dataset; the fixed national Top-5 is shown as the default pending additional monitoring evidence.,[],"['Gastrophryne carolinensis', 'Neocloeon triangulifer', 'Hyalella azteca', 'Daphnia ambigua', 'Daphnia magna']",Fixed national Top-5 (state-specific panel unavailable),[],0,,,,
NV,Nevada,lower-5%,71,"['Gastrophryne carolinensis', 'Neocloeon triangulifer', 'Hyalella azteca', 'Daphnia ambigua', 'Daphnia magna']",supported,,"['Hyalella azteca', 'Gammarus lacustris', 'Daphnia magna', 'Culex quinquefasciatus', 'Aedes aegypti']","['Hyalella azteca', 'Gammarus lacustris', 'Daphnia magna', 'Culex quinquefasciatus', 'Aedes aegypti']",Localized Top-5,"['Hyalella azteca', 'Daphnia magna']",2,0.1374794033724345,0.0868637828511825,5.0615620521252,State-priority chemical weights multiplied by soft species relevance and method-support weights.
NH,New Hampshire,lower-5%,0,"['Gastrophryne carolinensis', 'Neocloeon triangulifer', 'Hyalella azteca', 'Daphnia ambigua', 'Daphnia magna']",insufficient_support,No eligible priority chemicals were available in the frozen state dataset; the fixed national Top-5 is shown as the default pending additional monitoring evidence.,[],"['Gastrophryne carolinensis', 'Neocloeon triangulifer', 'Hyalella azteca', 'Daphnia ambigua', 'Daphnia magna']",Fixed national Top-5 (state-specific panel unavailable),[],0,,,,
NJ,New Jersey,lower-5%,97,"['Gastrophryne carolinensis', 'Neocloeon triangulifer', 'Hyalella azteca', 'Daphnia ambigua', 'Daphnia magna']",supported,,"['Gammarus fasciatus', 'Daphnia galeata', 'Pimephales promelas', 'Utterbackia imbecillis', 'Lithobates sylvaticus']","['Gammarus fasciatus', 'Daphnia galeata', 'Pimephales promelas', 'Utterbackia imbecillis', 'Lithobates sylvaticus']",Localized Top-5,[],0,0.1236840291524451,0.0330027285117653,9.068130064067978,State-priority chemical weights multiplied by soft species relevance and method-support weights.
NM,New Mexico,lower-5%,31,"['Gastrophryne carolinensis', 'Neocloeon triangulifer', 'Hyalella azteca', 'Daphnia ambigua', 'Daphnia magna']",supported,,"['Gammarus lacustris', 'Lithobates pipiens', 'Thamnocephalus platyurus', 'Aedes vexans', 'Hyalella azteca']","['Gammarus lacustris', 'Lithobates pipiens', 'Thamnocephalus platyurus', 'Aedes vexans', 'Hyalella azteca']",Localized Top-5,['Hyalella azteca'],1,0.1186306663527986,0.0548513195323943,6.377934682040425,State-priority chemical weights multiplied by soft species relevance and method-support weights.
NY,New York,lower-5%,0,"['Gastrophryne carolinensis', 'Neocloeon triangulifer', 'Hyalella azteca', 'Daphnia ambigua', 'Daphnia magna']",insufficient_support,No eligible priority chemicals were available in the frozen state dataset; the fixed national Top-5 is shown as the default pending additional monitoring evidence.,[],"['Gastrophryne carolinensis', 'Neocloeon triangulifer', 'Hyalella azteca', 'Daphnia ambigua', 'Daphnia magna']",Fixed national Top-5 (state-specific panel unavailable),[],0,,,,
NC,North Carolina,lower-5%,10,"['Gastrophryne carolinensis', 'Neocloeon triangulifer', 'Hyalella azteca', 'Daphnia ambigua', 'Daphnia magna']",supported,,"['Daphnia magna', 'Ceriodaphnia dubia', 'Gastrophryne carolinensis', 'Gammarus fasciatus', 'Daphnia ambigua']","['Daphnia magna', 'Ceriodaphnia dubia', 'Gastrophryne carolinensis', 'Gammarus fasciatus', 'Daphnia ambigua']",Localized Top-5,"['Daphnia magna', 'Gastrophryne carolinensis', 'Daphnia ambigua']",3,0.1983869188163728,0.1397449654914306,5.864195332494224,State-priority chemical weights multiplied by soft species relevance and method-support weights.
ND,North Dakota,lower-5%,47,"['Gastrophryne carolinensis', 'Neocloeon triangulifer', 'Hyalella azteca', 'Daphnia ambigua', 'Daphnia magna']",supported,,"['Gammarus lacustris', 'Pimephales promelas', 'Lampsilis siliquoidea', 'Amblema plicata', 'Lithobates pipiens']","['Gammarus lacustris', 'Pimephales promelas', 'Lampsilis siliquoidea', 'Amblema plicata', 'Lithobates pipiens']",Localized Top-5,[],0,0.130930344668234,0.0611727714598005,6.975757320843348,State-priority chemical weights multiplied by soft species relevance and method-support weights.
OH,Ohio,lower-5%,43,"['Gastrophryne carolinensis', 'Neocloeon triangulifer', 'Hyalella azteca', 'Daphnia ambigua', 'Daphnia magna']",supported,,"['Lepomis macrochirus', 'Cloeon dipterum', 'Megalonaias nervosa', 'Xenopus laevis', 'Lampsilis siliquoidea']","['Lepomis macrochirus', 'Cloeon dipterum', 'Megalonaias nervosa', 'Xenopus laevis', 'Lampsilis siliquoidea']",Localized Top-5,[],0,0.1310402081117803,0.043397342299702,8.764286581207829,State-priority chemical weights multiplied by soft species relevance and method-support weights.
OK,Oklahoma,lower-5%,42,"['Gastrophryne carolinensis', 'Neocloeon triangulifer', 'Hyalella azteca', 'Daphnia ambigua', 'Daphnia magna']",supported,,"['Gastrophryne carolinensis', 'Lampsilis siliquoidea', 'Amblema plicata', 'Ictalurus punctatus', 'Palaemonetes kadiakensis']","['Gastrophryne carolinensis', 'Lampsilis siliquoidea', 'Amblema plicata', 'Ictalurus punctatus', 'Palaemonetes kadiakensis']",Localized Top-5,['Gastrophryne carolinensis'],1,0.1337503741596163,0.0796477532271633,5.410262093245303,State-priority chemical weights multiplied by soft species relevance and method-support weights.
OR,Oregon,lower-5%,92,"['Gastrophryne carolinensis', 'Neocloeon triangulifer', 'Hyalella azteca', 'Daphnia ambigua', 'Daphnia magna']",supported,,"['Hyalella azteca', 'Gammarus lacustris', 'Pteronarcys californica', 'Margaritifera falcata', 'Pseudacris regilla']","['Hyalella azteca', 'Gammarus lacustris', 'Pteronarcys californica', 'Margaritifera falcata', 'Pseudacris regilla']",Localized Top-5,['Hyalella azteca'],1,0.1527185485451931,0.0874127552095958,6.530579333559726,State-priority chemical weights multiplied by soft species relevance and method-support weights.
PA,Pennsylvania,lower-5%,1,"['Gastrophryne carolinensis', 'Neocloeon triangulifer', 'Hyalella azteca', 'Daphnia ambigua', 'Daphnia magna']",insufficient_support,Fewer than three eligible priority chemicals; localized optimization was not run. The fixed national Top-5 is shown as the default pending additional monitoring evidence.,[],"['Gastrophryne carolinensis', 'Neocloeon triangulifer', 'Hyalella azteca', 'Daphnia ambigua', 'Daphnia magna']",Fixed national Top-5 (state-specific panel unavailable),[],0,,,,
RI,Rhode Island,lower-5%,0,"['Gastrophryne carolinensis', 'Neocloeon triangulifer', 'Hyalella azteca', 'Daphnia ambigua', 'Daphnia magna']",insufficient_support,No eligible priority chemicals were available in the frozen state dataset; the fixed national Top-5 is shown as the default pending additional monitoring evidence.,[],"['Gastrophryne carolinensis', 'Neocloeon triangulifer', 'Hyalella azteca', 'Daphnia ambigua', 'Daphnia magna']",Fixed national Top-5 (state-specific panel unavailable),[],0,,,,
SC,South Carolina,lower-5%,42,"['Gastrophryne carolinensis', 'Neocloeon triangulifer', 'Hyalella azteca', 'Daphnia ambigua', 'Daphnia magna']",supported,,"['Gastrophryne carolinensis', 'Lepomis macrochirus', 'Utterbackia imbecillis', 'Lithobates sylvaticus', 'Daphnia magna']","['Gastrophryne carolinensis', 'Lepomis macrochirus', 'Utterbackia imbecillis', 'Lithobates sylvaticus', 'Daphnia magna']",Localized Top-5,"['Gastrophryne carolinensis', 'Daphnia magna']",2,0.130175600521084,0.0916265684057242,3.854903211535982,State-priority chemical weights multiplied by soft species relevance and method-support weights.
SD,South Dakota,lower-5%,0,"['Gastrophryne carolinensis', 'Neocloeon triangulifer', 'Hyalella azteca', 'Daphnia ambigua', 'Daphnia magna']",insufficient_support,No eligible priority chemicals were available in the frozen state dataset; the fixed national Top-5 is shown as the default pending additional monitoring evidence.,[],"['Gastrophryne carolinensis', 'Neocloeon triangulifer', 'Hyalella azteca', 'Daphnia ambigua', 'Daphnia magna']",Fixed national Top-5 (state-specific panel unavailable),[],0,,,,
TN,Tennessee,lower-5%,1,"['Gastrophryne carolinensis', 'Neocloeon triangulifer', 'Hyalella azteca', 'Daphnia ambigua', 'Daphnia magna']",insufficient_support,Fewer than three eligible priority chemicals; localized optimization was not run. The fixed national Top-5 is shown as the default pending additional monitoring evidence.,[],"['Gastrophryne carolinensis', 'Neocloeon triangulifer', 'Hyalella azteca', 'Daphnia ambigua', 'Daphnia magna']",Fixed national Top-5 (state-specific panel unavailable),[],0,,,,
TX,Texas,lower-5%,42,"['Gastrophryne carolinensis', 'Neocloeon triangulifer', 'Hyalella azteca', 'Daphnia ambigua', 'Daphnia magna']",supported,,"['Hyalella azteca', 'Gastrophryne carolinensis', 'Megalonaias nervosa', 'Jordanella floridae', 'Amblema plicata']","['Hyalella azteca', 'Gastrophryne carolinensis', 'Megalonaias nervosa', 'Jordanella floridae', 'Amblema plicata']",Localized Top-5,"['Hyalella azteca', 'Gastrophryne carolinensis']",2,0.1573091962331211,0.1063345540812471,5.097464215187396,State-priority chemical weights multiplied by soft species relevance and method-support weights.
UT,Utah,lower-5%,9,"['Gastrophryne carolinensis', 'Neocloeon triangulifer', 'Hyalella azteca', 'Daphnia ambigua', 'Daphnia magna']",supported,,"['Gammarus lacustris', 'Oncorhynchus mykiss', 'Lymnaea stagnalis', 'Pteronarcys californica', 'Aedes aegypti']","['Gammarus lacustris', 'Oncorhynchus mykiss', 'Lymnaea stagnalis', 'Pteronarcys californica', 'Aedes aegypti']",Localized Top-5,[],0,0.1458306194812841,0.0503724643467,9.545815513458416,State-priority chemical weights multiplied by soft species relevance and method-support weights.
VT,Vermont,lower-5%,0,"['Gastrophryne carolinensis', 'Neocloeon triangulifer', 'Hyalella azteca', 'Daphnia ambigua', 'Daphnia magna']",insufficient_support,No eligible priority chemicals were available in the frozen state dataset; the fixed national Top-5 is shown as the default pending additional monitoring evidence.,[],"['Gastrophryne carolinensis', 'Neocloeon triangulifer', 'Hyalella azteca', 'Daphnia ambigua', 'Daphnia magna']",Fixed national Top-5 (state-specific panel unavailable),[],0,,,,
VA,Virginia,lower-5%,42,"['Gastrophryne carolinensis', 'Neocloeon triangulifer', 'Hyalella azteca', 'Daphnia ambigua', 'Daphnia magna']",supported,,"['Gastrophryne carolinensis', 'Gammarus fasciatus', 'Gammarus minus', 'Utterbackia imbecillis', 'Lithobates sylvaticus']","['Gastrophryne carolinensis', 'Gammarus fasciatus', 'Gammarus minus', 'Utterbackia imbecillis', 'Lithobates sylvaticus']",Localized Top-5,['Gastrophryne carolinensis'],1,0.1392664247355774,0.0913523722657084,4.791405246986895,State-priority chemical weights multiplied by soft species relevance and method-support weights.
WA,Washington,lower-5%,52,"['Gastrophryne carolinensis', 'Neocloeon triangulifer', 'Hyalella azteca', 'Daphnia ambigua', 'Daphnia magna']",supported,,"['Gammarus lacustris', 'Pteronarcys californica', 'Margaritifera falcata', 'Pseudacris regilla', 'Lithobates pipiens']","['Gammarus lacustris', 'Pteronarcys californica', 'Margaritifera falcata', 'Pseudacris regilla', 'Lithobates pipiens']",Localized Top-5,[],0,0.1328359837359117,0.0457616700504124,8.707431368549932,State-priority chemical weights multiplied by soft species relevance and method-support weights.
WV,West Virginia,lower-5%,1,"['Gastrophryne carolinensis', 'Neocloeon triangulifer', 'Hyalella azteca', 'Daphnia ambigua', 'Daphnia magna']",insufficient_support,Fewer than three eligible priority chemicals; localized optimization was not run. The fixed national Top-5 is shown as the default pending additional monitoring evidence.,[],"['Gastrophryne carolinensis', 'Neocloeon triangulifer', 'Hyalella azteca', 'Daphnia ambigua', 'Daphnia magna']",Fixed national Top-5 (state-specific panel unavailable),[],0,,,,
WI,Wisconsin,lower-5%,86,"['Gastrophryne carolinensis', 'Neocloeon triangulifer', 'Hyalella azteca', 'Daphnia ambigua', 'Daphnia magna']",supported,,"['Daphnia magna', 'Bufo americanus', 'Megalonaias nervosa', 'Lampsilis siliquoidea', 'Lithobates pipiens']","['Daphnia magna', 'Bufo americanus', 'Megalonaias nervosa', 'Lampsilis siliquoidea', 'Lithobates pipiens']",Localized Top-5,['Daphnia magna'],1,0.1449960249878936,0.0837330991926248,6.126292579526882,State-priority chemical weights multiplied by soft species relevance and method-support weights.
WY,Wyoming,lower-5%,23,"['Gastrophryne carolinensis', 'Neocloeon triangulifer', 'Hyalella azteca', 'Daphnia ambigua', 'Daphnia magna']",supported,,"['Gammarus lacustris', 'Pteronarcys californica', 'Margaritifera falcata', 'Lithobates pipiens', 'Lithobates sylvaticus']","['Gammarus lacustris', 'Pteronarcys californica', 'Margaritifera falcata', 'Lithobates pipiens', 'Lithobates sylvaticus']",Localized Top-5,[],0,0.1333603058835401,0.0617284837030684,7.163182218047161,State-priority chemical weights multiplied by soft species relevance and method-support weights.
