source_path,sha256,bytes,modified_utc,distributed_in_code_package
results/panels/national_panel_sequences.csv,ed8f03047620a9c0ccaaef53815c825e3563bbb8d060f41bc804359b646d4853,75073,2026-08-02T09:03:31.876922+00:00,false
results/panels/fixed_x95_sequence_cross_target_curves.csv,5bd9e980cb273d7b6a4676e69bc80bbf843ff6ccd2b8a9a02e48474b81dd1c55,60288,2026-08-02T09:03:32.459589+00:00,false
results/panels/fixed_national_top5_cross_target_audit.csv,984c3569dbb46d8a0445d786ecbf818bc0c4c71f9fa56998e8cc4f78c547bdec,1600,2026-08-02T09:03:32.459589+00:00,false
results/probability/candidate_universe_locked.csv,a773406d90e25d613e9433465f87c6cc8ea3a646912cb88d5de9f9fde2aacd45,396197,2026-07-01T01:50:50.692607+00:00,false
results/probability/species_chemical_tail_probability_x95.npz,b1ccf235203062233cad855301729c198e8879c06eb6fdda7382a96a319a8f0e,12948272,2026-07-01T01:51:08.460858+00:00,false
results/probability/rapid_warning_species_evidence_observed_only.csv,758dd5d429332f05dfda381326bd5cd7b65a06356f960cf95cc03908932e4bcd,46683,2026-07-01T01:51:08.617432+00:00,false
results/complementarity/top5_top10_species_incremental_and_taxonomic_contributions.csv,9d8fc82d7bd3f2f8a591146fdccb70e9dfd51f935f48a397f43bf79f5261f34a,5050,2026-07-01T01:51:34.966227+00:00,false
results/toxicity/censored_model_cells.csv.gz,62c134e8511a5da4cf65b9f6ff16dc4147b5b63e4db69d8582ddbee397f5508f,3878772,2026-06-22T12:30:00.134503+00:00,false
results/state_panels/state_x95_panel_sequences.csv,03825e6ca518122722bde9f03ae638e2b569f0c171c6d88b33171e5a282143e4,95753,2026-07-29T03:45:25.865956+00:00,false
results/state_panels/state_x95_k5_soft_local_comparison.csv,0ebbcb114df2254bf916db4dd6809cb4b7ea00ebab3f2b0eeaa8747eb96d2502,15672,2026-07-29T03:45:25.867468+00:00,false
results/weights/state_priority_chemical_weights.csv.gz,f8c27888761961beb4eb3ae14d0cf46f5ca9d2bd1de9dc762918a752201e8579,89343,2026-06-22T12:30:27.570572+00:00,false
results/weights/national_priority_chemicals.csv,89b956bf3ffc012ff1c45edf2493ed91794f30b28f2964be17ffe0cb2b126369,201760,2026-06-22T12:30:26.560345+00:00,false
results/testing/national_species_testing_priorities.csv,b1a78a293b64276d553a5c13469c2650668c64759f4c0c9391b7ddc7da004ad9,220843,2026-07-29T03:45:25.899950+00:00,false
results/warning_hc5_bridge/top5_panel_apical_hc5_positive_control_metrics.csv,8ac3ae135096053af45b6f67d07f599dba1e805d3b0504de45a0d9401e0b828d,775,2026-07-31T11:27:56.891087+00:00,false
results/warning_hc5_bridge/top5_panel_warning_hc5_metrics.csv,2f6f74fb2d0b1c68f93bfd855a81511672b107b1b7ad485c8b14758016a0fdab,766,2026-07-31T11:27:56.874953+00:00,false
manuscript_plot/figure_02/figure_02b_feasible_combination_summary.csv,40cb1ed26a6e645fe51edce696f5d402938c5d4f8e23cd3eb7d09abf2cc7dabf,7447,2026-08-06T10:53:38.672390+00:00,false
